Block Size,naive scan power-of-two,naive scan non-power-of-two,work-efficient scan power-of-two,work-efficient scan non-power-of-two,thrust scan power-of-two,thrust scan non-power-of-two,work-efficient compact power-of-two,work-efficient compact non-power-of-two,gpu radix sort power-of-two,gpu radix sort non-power-of-two
32,27.1336,29.3257,8.2609,8.15974,0.495776,0.458752,8.42829,8.41302,289.301,260.37
64,9.58538,9.53488,5.1136,6.06589,0.508704,0.467456,7.1607,7.08707,274.922,241.055
128,9.51766,9.53098,5.11418,6.37702,0.516,0.462784,7.1904,7.15181,284.143,241.419
256,9.58464,9.5049,5.12038,6.18496,0.505568,0.470464,7.3313,7.11728,265.27,243.207
512,9.5625,9.50042,5.13203,5.0752,0.529312,0.47776,7.17606,7.15402,279.336,242.66
1024,9.67619,9.66211,5.15446,5.69139,0.520192,0.47696,7.20762,7.07779,261.759,242.782
