Block Size,cpu scan power-of-two,cpu scan non-power-of-two,naive scan power-of-two,naive scan non-power-of-two,work-efficient scan power-of-two,work-efficient scan non-power-of-two,thrust scan power-of-two,thrust scan non-power-of-two,cpu compact without scan power-of-two,cpu compact without scan non-power-of-two,cpu compact with scan,work-efficient compact power-of-two,work-efficient compact non-power-of-two,cpu sort power-of-two,cpu sort non-power-of-two,gpu radix sort power-of-two,gpu radix sort non-power-of-two
16,1.50642,1.49651,6.58582,6.0176,2.07107,1.37338,13.5291,12.6427,2.67782,2.69714,8.64836,3.42797,2.13866,132.271,132.178,67.4853,67.4367
32,1.50211,1.50426,2.01661,1.98179,1.07446,1.02925,8.6344,7.88896,2.68355,2.67469,8.65298,1.43018,1.37427,132.364,132.12,50.1032,50.0865
64,1.50839,1.50683,1.1344,1.43024,1.33683,1.0343,8.66656,7.85584,2.67607,2.67221,8.56653,1.42854,1.36662,132.009,132.162,45.5158,45.3708
128,1.50071,1.5043,1.35347,1.31251,1.40525,1.33942,10.8455,10.0543,2.67838,2.67986,8.54895,1.76093,1.7039,132.09,132.127,56.6583,56.5845
256,1.50066,1.50517,1.08627,1.04979,1.07302,1.03014,8.60979,7.87901,2.6777,2.7144,8.97207,1.44029,1.36374,132.696,132.934,45.4535,45.414
512,1.50259,1.50429,1.10342,1.06406,1.06752,1.03002,9.08083,7.88406,2.67816,2.66616,8.8327,1.43331,1.36099,132.572,132.648,45.9724,45.7855
1024,1.50855,1.5058,1.43162,1.38717,1.41949,1.34051,10.7993,10.1418,2.67571,2.66812,8.59284,1.77158,1.70083,132.556,132.599,57.1935,56.8871
