Array Size,cpu scan power-of-two,cpu scan non-power-of-two,naive scan power-of-two,naive scan non-power-of-two,work-efficient scan power-of-two,work-efficient scan non-power-of-two,thrust scan power-of-two,thrust scan non-power-of-two
262144,0.377558,0.373872,0.402336,0.349408,0.451872,0.386624,3.49821,2.72384
524288,0.753374,0.749306,0.657536,0.620064,0.739552,0.69856,6.05184,5.27712
1048576,1.5128,1.51197,1.46349,1.30211,1.35533,1.30054,10.6749,9.90618
2097152,3.4131,3.02023,2.68218,2.60134,2.75456,2.69517,21.0493,20.2131
4194304,6.01515,8.0153,5.36714,5.29859,5.5809,5.46426,41.5874,39.977
8388608,14.5318,12.1648,8.80483,8.71389,8.65494,8.55654,63.7274,62.7714
16777216,39.4525,24.4689,18.106,18.0487,17.6604,17.5606,125.44,124.774
33554432,151.138,50.3288,44.6669,47.0107,36.2012,36.0751,251.782,252.307
67108864,98.3109,97.5512,97.8511,81.3368,74.7665,74.6548,506.646,503.411
